Algoritam,n_clusters,Silhouette,Davies-Bouldin,Calinski-Harabasz
KMeans(k=8),8,0.10558862831729393,4.322633797761817,220.7277311005114
MiniBatchKMeans(k=8),8,0.10044307852547504,4.335161942572338,206.11392270325092
Agglomerative(k=8),8,0.07443563195697572,3.220215694104506,184.0364141735354
Spectral(k=8),8,0.058606756772979475,2.680334444029479,136.46856482540753
"DBSCAN(eps=0.4,min_samples=3)",30,0.6768971607060015,0.6178176132977085,60.772182379655256
KMeans(k=5),5,0.09065959024657567,2.9909581280853934,277.2727326905854
MiniBatchKMeans(k=5),5,0.08782035587072583,5.374041562282895,257.043115501958
Agglomerative(k=5),5,0.06583805097557154,3.0435819179181536,237.45529247153678
Spectral(k=5),5,0.03453682867780298,2.4111234750225288,134.2803611336009
